Rank,Title,Artist,Year,genius_url
1,Rolling In The Deep,Adele,2011,https://genius.com/Adele-rolling-in-the-deep-lyrics
2,Party Rock Anthem,LMFAO Featuring Lauren Bennett & GoonRock,2011,https://genius.com/Hitradio-o3-nummer-eins-hits-in-osterreich-2011-annotated
3,Firework,Katy Perry,2011,https://genius.com/Katy-perry-firework-lyrics
4,E.T.,Katy Perry Featuring Kanye West,2011,https://genius.com/Pop-genius-hits-of-the-2000s-top-64-annotated
5,Give Me Everything,"Pitbull Featuring Ne-Yo, Afrojack & Nayer",2011,https://genius.com/Genius-brasil-traducoes-pitbull-give-me-everything-ft-ne-yo-afrojack-and-nayer-traducao-em-portugues-lyrics
6,Grenade,Bruno Mars,2011,https://genius.com/Bruno-mars-grenade-lyrics
7,Super Bass,Nicki Minaj,2011,https://genius.com/Nicki-minaj-super-bass-lyrics
8,Moves Like Jagger,Maroon 5 Featuring Christina Aguilera,2011,https://genius.com/Hitradio-o3-nummer-eins-hits-in-osterreich-2011-annotated
9,Just Can't Get Enough,The Black Eyed Peas,2011,https://genius.com/Black-eyed-peas-just-cant-get-enough-lyrics
10,On The Floor,Jennifer Lopez Featuring Pitbull,2011,https://genius.com/Covergirl-on-the-floor-jennifer-lopez-feat-pitbull-tribute-lyrics
11,S&M,Rihanna,2011,https://genius.com/Eminem-rap-god-lyrics
12,Pumped Up Kicks,Foster The People,2011,https://genius.com/Foster-the-people-pumped-up-kicks-lyrics
13,Last Friday Night (T.G.I.F.),Katy Perry,2011,https://genius.com/Katy-perry-last-friday-night-tgif-lyrics
14,Just The Way You Are,Bruno Mars,2011,https://genius.com/Bruno-mars-just-the-way-you-are-lyrics
15,Tonight (I'm Lovin' You),Enrique Iglesias Featuring Ludacris & DJ Frank E,2011,https://genius.com/Enrique-iglesias-tonight-im-lovin-you-lyrics
16,Raise Your Glass,P!nk,2011,https://genius.com/P-nk-raise-your-glass-lyrics
17,Born This Way,Lady Gaga,2011,https://genius.com/Lady-gaga-born-this-way-lyrics
18,F**kin' Perfect,P!nk,2011,https://genius.com/P-nk-fkin-perfect-instrumental-lyrics
19,What's My Name?,Rihanna Featuring Drake,2011,https://genius.com/Usainweezycaynewarter-top-50-drake-featurez-oat-lyrics
20,Look At Me Now,Chris Brown Featuring Lil Wayne & Busta Rhymes,2011,https://genius.com/Billboard-hot-rap-songs-chart-25th-anniversary-top-100-songs-lyrics
21,Down On Me,Jeremih Featuring 50 Cent,2011,https://genius.com/Jeremih-down-on-me-lyrics
22,How To Love,Lil Wayne,2011,https://genius.com/Lil-wayne-how-to-love-lyrics
23,Someone Like You,Adele,2011,https://genius.com/Adele-someone-like-you-lyrics
24,The Good Life,OneRepublic,2011,https://genius.com/Onerepublic-good-life-lyrics
25,The Lazy Song,Bruno Mars,2011,https://genius.com/Bruno-mars-the-lazy-song-lyrics
26,Till The World Ends,Britney Spears,2011,https://genius.com/Britney-spears-till-the-world-ends-lyrics
27,The Show Goes On,Lupe Fiasco,2011,https://genius.com/Lupe-fiasco-the-show-goes-on-lyrics
28,The Edge Of Glory,Lady Gaga,2011,https://genius.com/Lady-gaga-the-edge-of-glory-lyrics
29,We R Who We R,Ke$ha,2011,https://genius.com/Kesha-we-r-who-we-r-lyrics
30,Black And Yellow,Wiz Khalifa,2011,https://genius.com/Wiz-khalifa-black-and-yellow-lyrics
31,Tonight Tonight,Hot Chelle Rae,2011,https://genius.com/Hot-chelle-rae-tonight-tonight-lyrics
32,Blow,Ke$ha,2011,https://genius.com/Kesha-blow-lyrics
33,Lighters,Bad Meets Evil Featuring Bruno Mars,2011,https://genius.com/Bad-meets-evil-lighters-lyrics
34,If I Die Young,The Band Perry,2011,https://genius.com/The-band-perry-if-i-die-young-lyrics
35,Stereo Hearts,Gym Class Heroes Featuring Adam Levine,2011,https://genius.com/Josiah-botting-youth-group-background-music-annotated
36,The Time (Dirty Bit),The Black Eyed Peas,2011,https://genius.com/Black-eyed-peas-the-time-dirty-bit-lyrics
37,Coming Home,Diddy - Dirty Money Featuring Skylar Grey,2011,https://genius.com/Diddy-dirty-money-coming-home-lyrics
38,Hey Baby (Drop It To The Floor),Pitbull Featuring T-Pain,2011,https://genius.com/Thehills79-my-spotify-playlist-annotated
39,Only Girl (In The World),Rihanna,2011,https://genius.com/Rihanna-only-girl-in-the-world-lyrics
40,6 Foot 7 Foot,Lil Wayne Featuring Cory Gunz,2011,https://genius.com/Autumnn-all-the-songs-i-enjoy-listening-to-because-i-feel-like-making-it-annotated
41,Just A Kiss,Lady Antebellum,2011,https://genius.com/Lady-a-just-a-kiss-lyrics
42,Dirt Road Anthem,Jason Aldean,2011,https://genius.com/Jason-aldean-dirt-road-anthem-lyrics
43,Dynamite,Taio Cruz,2011,https://genius.com/Taio-cruz-dynamite-lyrics
44,No Hands,Waka Flocka Flame Featuring Roscoe Dash & Wale,2011,https://genius.com/Billboard-hot-rap-songs-chart-25th-anniversary-top-100-songs-lyrics
45,I Wanna Go,Britney Spears,2011,https://genius.com/Britney-spears-i-wanna-go-lyrics
46,I'm On One,"DJ Khaled Featuring Drake, Rick Ross & Lil Wayne",2011,https://genius.com/Nvp-summer-playlist-2015-annotated
47,You Make Me Feel...,Cobra Starship Featuring Sabi,2011,https://genius.com/Two-friends-big-bootie-mix-volume-15-track-list-lyrics
48,Yeah 3X,Chris Brown,2011,https://genius.com/Chris-brown-yeah-3x-lyrics
49,Moment 4 Life,Nicki Minaj Featuring Drake,2011,https://genius.com/Billboard-hot-rap-songs-chart-25th-anniversary-top-100-songs-lyrics
50,I Need A Doctor,Dr. Dre Featuring Eminem & Skylar Grey,2011,https://genius.com/Kyle-mcgovern-all-289-eminem-songs-ranked-lyrics
51,Just A Dream,Nelly,2011,https://genius.com/Nelly-just-a-dream-lyrics
52,Motivation,Kelly Rowland Featuring Lil Wayne,2011,https://genius.com/Kelly-rowland-motivation-lyrics
53,Stereo Love,Edward Maya & Vika Jigulina,2011,https://genius.com/Edward-maya-and-vika-jigulina-stereo-love-lyrics
54,Jar Of Hearts,Christina Perri,2011,https://genius.com/Christina-perri-jar-of-hearts-lyrics
55,Roll Up,Wiz Khalifa,2011,https://genius.com/Wiz-khalifa-roll-up-lyrics
56,Sexy And I Know It,LMFAO,2011,https://genius.com/Lmfao-sexy-and-i-know-it-lyrics
57,Rocketeer,Far*East Movement Featuring Ryan Tedder,2011,https://genius.com/Far-east-movement-rocketeer-lyrics
58,All Of The Lights,Kanye West,2011,https://genius.com/Kanye-west-all-of-the-lights-lyrics
59,Hold It Against Me,Britney Spears,2011,https://genius.com/Britney-spears-hold-it-against-me-lyrics
60,More,Usher,2011,https://genius.com/Usher-more-lyrics
61,What The Hell,Avril Lavigne,2011,https://genius.com/Avril-lavigne-what-the-hell-lyrics
62,Written In The Stars,Tinie Tempah Featuring Eric Turner,2011,https://genius.com/Tinie-tempah-written-in-the-stars-lyrics
63,Bottoms Up,Trey Songz Featuring Nicki Minaj,2011,https://genius.com/Genius-lists-twerk-grind-songs-annotated
64,DJ Got Us Fallin' In Love,Usher Featuring Pitbull,2011,https://genius.com/Usher-dj-got-us-fallin-in-love-no-pitbull-version-lyrics
65,For The First Time,The Script,2011,https://genius.com/The-script-for-the-first-time-lyrics
66,Honey Bee,Blake Shelton,2011,https://genius.com/Blake-shelton-honey-bee-lyrics
67,Don't You Wanna Stay,Jason Aldean With Kelly Clarkson,2011,https://genius.com/Jason-aldean-dont-you-wanna-stay-lyrics
68,We Found Love,Rihanna Featuring Calvin Harris,2011,https://genius.com/Eurovizijalt-eurovizijos-atranka-2013-2019-annotated
69,Pretty Girl Rock,Keri Hilson,2011,https://genius.com/Keri-hilson-pretty-girl-rock-lyrics
70,You And I,Lady Gaga,2011,https://genius.com/Lady-gaga-you-and-i-lyrics
71,Like A G6,Far*East Movement Featuring Cataracs & Dev,2011,https://genius.com/Far-east-movement-like-a-g6-lyrics
72,Without You,David Guetta Featuring Usher,2011,https://genius.com/Genius-norske-oversettelser-david-guetta-without-you-ft-usher-norsk-oversettelse-lyrics
73,Back To December,Taylor Swift,2011,https://genius.com/Taylor-swift-back-to-december-lyrics
74,Teenage Dream,Katy Perry,2011,https://genius.com/Katy-perry-teenage-dream-lyrics
75,Crazy Girl,Eli Young Band,2011,https://genius.com/Eli-young-band-crazy-girl-lyrics
76,Cheers (Drink To That),Rihanna,2011,https://genius.com/Rihanna-cheers-drink-to-that-lyrics
77,Who Says,Selena Gomez & The Scene,2011,https://genius.com/Selena-gomez-and-the-scene-who-says-lyrics
78,Barefoot Blue Jean Night,Jake Owen,2011,https://genius.com/Jake-owen-barefoot-blue-jean-night-lyrics
79,Knee Deep,Zac Brown Band Featuring Jimmy Buffett,2011,https://genius.com/Country-genius-list-of-number-one-country-songs-2010-2019-lyrics
80,Country Girl (Shake It For Me),Luke Bryan,2011,https://genius.com/Luke-bryan-country-girl-shake-it-for-me-lyrics
81,Remind Me,Brad Paisley Duet With Carrie Underwood,2011,https://genius.com/Country-genius-list-of-number-one-country-songs-2010-2019-lyrics
82,In The Dark,Dev,2011,https://genius.com/Dev-in-the-dark-lyrics
83,Backseat,New Boyz Featuring The Cataracs & Dev,2011,https://genius.com/New-boyz-backseat-lyrics
84,Headlines,Drake,2011,https://genius.com/Drake-headlines-lyrics
85,Best Thing I Never Had,Beyonce,2011,https://genius.com/Beyonce-best-thing-i-never-had-lyrics
86,Don't Wanna Go Home,Jason Derulo,2011,https://genius.com/Jason-derulo-dont-wanna-go-home-lyrics
87,Where Them Girls At,David Guetta Featuring Flo Rida & Nicki Minaj,2011,https://genius.com/David-guetta-flo-rida-and-nicki-minaj-where-them-girls-at-lyrics
88,She Ain't You,Chris Brown,2011,https://genius.com/Chris-brown-she-aint-you-lyrics
89,Take A Back Road,Rodney Atkins,2011,https://genius.com/Rodney-atkins-take-a-back-road-lyrics
90,Please Don't Go,Mike Posner,2011,https://genius.com/Mike-posner-please-dont-go-lyrics
91,Sure Thing,Miguel,2011,https://genius.com/Miguel-sure-thing-lyrics
92,Price Tag,Jessie J Featuring B.o.B,2011,https://genius.com/Genius-brasil-traducoes-jessie-j-price-tag-ft-bob-traducao-em-portugues-lyrics
93,God Gave Me You,Blake Shelton,2011,https://genius.com/Blake-shelton-god-gave-me-you-lyrics
94,She Will,Lil Wayne Featuring Drake,2011,https://genius.com/Hotshotmoney-she-will-remix-ft-rick-ross-lil-wayne-hotshotmoney-and-drake-lyrics
95,Are You Gonna Kiss Me Or Not,Thompson Square,2011,https://genius.com/Thompson-square-are-you-gonna-kiss-me-or-not-lyrics
96,Animal,Neon Trees,2011,https://genius.com/Neon-trees-animal-lyrics
97,You And Tequila,Kenny Chesney Featuring Grace Potter,2011,https://genius.com/Kenny-chesney-you-and-tequila-lyrics
98,Colder Weather,Zac Brown Band,2011,https://genius.com/Zac-brown-band-colder-weather-lyrics
99,My Last,Big Sean Featuring Chris Brown,2011,https://genius.com/Nvp-summer-playlist-2015-annotated
1,Somebody That I Used To Know,Gotye Featuring Kimbra,2012,https://genius.com/Genius-farsi-translations-somebody-that-i-used-to-know-by-gotyekimbra-lyrics
2,Call Me Maybe,Carly Rae Jepsen,2012,https://genius.com/Carly-rae-jepsen-call-me-maybe-lyrics
3,We Are Young,fun. Featuring Janelle Monae,2012,https://genius.com/Hitradio-o3-nummer-eins-hits-in-osterreich-2012-annotated
4,Payphone,Maroon 5 Featuring Wiz Khalifa,2012,https://genius.com/Nvp-summer-playlist-2015-annotated
5,Lights,Ellie Goulding,2012,https://genius.com/Ellie-goulding-lights-lyrics
6,Glad You Came,The Wanted,2012,https://genius.com/The-wanted-glad-you-came-lyrics
7,Stronger (What Doesn't Kill You),Kelly Clarkson,2012,https://genius.com/Kelly-clarkson-stronger-what-doesnt-kill-you-lyrics
8,We Found Love,Rihanna Featuring Calvin Harris,2012,https://genius.com/Eurovizijalt-eurovizijos-atranka-2013-2019-annotated
9,Starships,Nicki Minaj,2012,https://genius.com/Nicki-minaj-starships-lyrics
10,What Makes You Beautiful,One Direction,2012,https://genius.com/One-direction-what-makes-you-beautiful-lyrics
11,Wild Ones,Flo Rida Featuring Sia,2012,https://genius.com/Wild-flo-wild-ones-flo-rida-feat-sia-remake-lyrics
12,Set Fire To The Rain,Adele,2012,https://genius.com/Adele-set-fire-to-the-rain-lyrics
13,Sexy And I Know It,LMFAO,2012,https://genius.com/Lmfao-sexy-and-i-know-it-lyrics
14,Some Nights,fun.,2012,https://genius.com/Fun-some-nights-lyrics
15,Wide Awake,Katy Perry,2012,https://genius.com/Katy-perry-wide-awake-lyrics
16,Good Feeling,Flo Rida,2012,https://genius.com/Flo-rida-good-feeling-lyrics
17,Whistle,Flo Rida,2012,https://genius.com/Flo-rida-whistle-lyrics
18,One More Night,Maroon 5,2012,https://genius.com/Maroon-5-one-more-night-lyrics
19,Drive By,Train,2012,https://genius.com/Train-drive-by-lyrics
20,The Motto,Drake Featuring Lil Wayne,2012,https://genius.com/Billboard-hot-rap-songs-chart-25th-anniversary-top-100-songs-lyrics
21,Where Have You Been,Rihanna,2012,https://genius.com/Rihanna-where-have-you-been-lyrics
22,Everybody Talks,Neon Trees,2012,https://genius.com/Neon-trees-everybody-talks-lyrics
23,Take Care,Drake Featuring Rihanna,2012,https://genius.com/Genius-traductions-francaises-drake-take-care-ft-rihanna-traduction-francaise-lyrics
24,Titanium,David Guetta Featuring Sia,2012,https://genius.com/Ivisson-legendas-ayu-brazil-titanium-cover-david-guetta-feat-sia-legendado-lyrics
25,I Won't Give Up,Jason Mraz,2012,https://genius.com/Jason-mraz-i-wont-give-up-lyrics
26,It Will Rain,Bruno Mars,2012,https://genius.com/Bruno-mars-it-will-rain-lyrics
27,Mercy,"Kanye West, Big Sean, Pusha T, 2 Chainz",2012,https://genius.com/Billboard-hot-rap-songs-chart-25th-anniversary-top-100-songs-lyrics
28,Boyfriend,Justin Bieber,2012,https://genius.com/Justin-bieber-boyfriend-lyrics
29,Party Rock Anthem,LMFAO Featuring Lauren Bennett & GoonRock,2012,https://genius.com/Hitradio-o3-nummer-eins-hits-in-osterreich-2011-annotated
30,Too Close,Alex Clare,2012,https://genius.com/Alex-clare-too-close-lyrics
31,Part Of Me,Katy Perry,2012,https://genius.com/Katy-perry-part-of-me-lyrics
32,"Young, Wild & Free",Snoop Dogg & Wiz Khalifa Featuring Bruno Mars,2012,https://genius.com/Snoop-dogg-and-wiz-khalifa-young-wild-and-free-lyrics
33,We Are Never Ever Getting Back Together,Taylor Swift,2012,https://genius.com/Taylor-swift-we-are-never-ever-getting-back-together-lyrics
34,As Long As You Love Me,Justin Bieber Featuring Big Sean,2012,https://genius.com/Justin-bieber-as-long-as-you-love-me-lyrics
35,Turn Me On,David Guetta Featuring Nicki Minaj,2012,https://genius.com/David-guetta-turn-me-on-david-guetta-and-laidback-luke-remix-lyrics
36,Moves Like Jagger,Maroon 5 Featuring Christina Aguilera,2012,https://genius.com/Hitradio-o3-nummer-eins-hits-in-osterreich-2011-annotated
37,Blow Me (One Last Kiss),P!nk,2012,https://genius.com/P-nk-blow-me-one-last-kiss-lyrics
38,Good Time,Owl City & Carly Rae Jepsen,2012,https://genius.com/Owl-city-and-carly-rae-jepsen-good-time-lyrics
39,Give Your Heart A Break,Demi Lovato,2012,https://genius.com/Demi-lovato-give-your-heart-a-break-lyrics
40,Ni**as in Paris,Jay Z Kanye West,2012,https://genius.com/Billboard-hot-rap-songs-chart-25th-anniversary-top-100-songs-lyrics
41,The One That Got Away,Katy Perry,2012,https://genius.com/Katy-perry-the-one-that-got-away-lyrics
42,Feel So Close,Calvin Harris,2012,https://genius.com/Calvin-harris-feel-so-close-lyrics
43,Someone Like You,Adele,2012,https://genius.com/Adele-someone-like-you-lyrics
44,Scream,Usher,2012,https://genius.com/Usher-scream-lyrics
45,Rack City,Tyga,2012,https://genius.com/Tyga-rack-city-lyrics
46,Domino,Jessie J,2012,https://genius.com/Jessie-j-domino-lyrics
47,Gangnam Style,PSY,2012,https://genius.com/Psy-gangnam-style-lyrics
48,International Love,Pitbull Featuring Chris Brown,2012,https://genius.com/Eolhc-chris-brown-videography-annotated
49,Home,Phillip Phillips,2012,https://genius.com/Phillip-phillips-home-lyrics
50,Without You,David Guetta Featuring Usher,2012,https://genius.com/Genius-norske-oversettelser-david-guetta-without-you-ft-usher-norsk-oversettelse-lyrics
51,Ass Back Home,Gym Class Heroes Featuring Neon Hitch,2012,https://genius.com/Gym-class-heroes-ass-back-home-lyrics
52,Wanted,Hunter Hayes,2012,https://genius.com/Hunter-hayes-wanted-lyrics
53,Drunk On You,Luke Bryan,2012,https://genius.com/Luke-bryan-drunk-on-you-lyrics
54,No Lie,2 Chainz Featuring Drake,2012,https://genius.com/Lil-mel-i-do-it-contest-beat-lyrics
55,Want U Back,Cher Lloyd,2012,https://genius.com/Cher-lloyd-want-u-back-lyrics
56,Don't Wake Me Up,Chris Brown,2012,https://genius.com/Chris-brown-dont-wake-me-up-lyrics
57,Dance (A$$),Big Sean Featuring Nicki Minaj,2012,https://genius.com/Apple-music-big-sean-essentials-lyrics
58,Springsteen,Eric Church,2012,https://genius.com/Eric-church-springsteen-lyrics
59,Brokenhearted,Karmin,2012,https://genius.com/Karmin-brokenhearted-lyrics
60,Not Over You,Gavin DeGraw,2012,https://genius.com/Gavin-degraw-not-over-you-lyrics
61,Stereo Hearts,Gym Class Heroes Featuring Adam Levine,2012,https://genius.com/Josiah-botting-youth-group-background-music-annotated
62,Back In Time,Pitbull,2012,https://genius.com/Pitbull-back-in-time-lyrics
63,Work Out,J. Cole,2012,https://genius.com/J-cole-work-out-lyrics
64,Rumour Has It,Adele,2012,https://genius.com/Adele-rumour-has-it-lyrics
65,Let's Go,Calvin Harris Featuring Ne-Yo,2012,https://genius.com/Dream-team-lets-go-calvin-harris-feat-ne-yo-tribute-lyrics
66,Good Girl,Carrie Underwood,2012,https://genius.com/Carrie-underwood-good-girl-lyrics
67,Pontoon,Little Big Town,2012,https://genius.com/Little-big-town-pontoon-lyrics
68,Ho Hey,The Lumineers,2012,https://genius.com/The-lumineers-ho-hey-lyrics
69,Paradise,Coldplay,2012,https://genius.com/Coldplay-paradise-lyrics
70,Blown Away,Carrie Underwood,2012,https://genius.com/Carrie-underwood-blown-away-lyrics
71,Rolling In The Deep,Adele,2012,https://genius.com/Adele-rolling-in-the-deep-lyrics
72,Climax,Usher,2012,https://genius.com/Usher-climax-lyrics
73,"Work Hard, Play Hard",Wiz Khalifa,2012,https://genius.com/Wiz-khalifa-work-hard-play-hard-lyrics
74,Let Me Love You (Until You Learn To Love Yourself),Ne-Yo,2012,https://genius.com/Ne-yo-let-me-love-you-until-you-learn-to-love-yourself-lyrics
75,Pound The Alarm,Nicki Minaj,2012,https://genius.com/Nicki-minaj-pound-the-alarm-lyrics
76,Come Over,Kenny Chesney,2012,https://genius.com/Kenny-chesney-come-over-lyrics
77,Heart Attack,Trey Songz,2012,https://genius.com/Trey-songz-heart-attack-lyrics
78,Drank In My Cup,Kirko Bangz,2012,https://genius.com/Kirko-bangz-drank-in-my-cup-lyrics
79,Birthday Cake,Rihanna Featuring Chris Brown,2012,https://genius.com/Adoseofbuckley-the-ten-worst-songs-of-2012-annotated
80,So Good,B.o.B,2012,https://genius.com/Bob-so-good-lyrics
81,50 Ways To Say Goodbye,Train,2012,https://genius.com/Train-50-ways-to-say-goodbye-lyrics
82,Red Solo Cup,Toby Keith,2012,https://genius.com/Toby-keith-red-solo-cup-lyrics
83,Love You Like A Love Song,Selena Gomez & The Scene,2012,https://genius.com/Selena-gomez-and-the-scene-love-you-like-a-love-song-lyrics
84,Turn Up The Music,Chris Brown,2012,https://genius.com/Chris-brown-turn-up-the-music-lyrics
85,Die Young,Ke$ha,2012,https://genius.com/The-midnight-beast-die-young-ke-ha-parody-lyrics
86,5 O'Clock,T-Pain Featuring Wiz Khalifa & Lily Allen,2012,https://genius.com/T-pain-5-oclock-lyrics
87,A Thousand Years,Christina Perri,2012,https://genius.com/Christina-perri-a-thousand-years-lyrics
88,Take A Little Ride,Jason Aldean,2012,https://genius.com/Jason-aldean-take-a-little-ride-lyrics
89,You Da One,Rihanna,2012,https://genius.com/Rihanna-you-da-one-lyrics
90,We Run The Night,Havana Brown Featuring Pitbull,2012,https://genius.com/Havana-brown-get-it-we-run-the-night-mashup-lyrics
91,It's Time,Imagine Dragons,2012,https://genius.com/Imagine-dragons-its-time-lyrics
92,Cashin' Out,Ca$h Out,2012,https://genius.com/Ca-h-out-cashin-out-lyrics
93,I Don't Want This Night To End,Luke Bryan,2012,https://genius.com/Luke-bryan-i-dont-want-this-night-to-end-lyrics
94,Diamonds,Rihanna,2012,https://genius.com/Rihanna-diamonds-lyrics
95,Hard To Love,Lee Brice,2012,https://genius.com/Lee-brice-hard-to-love-lyrics
96,Somethin' 'Bout A Truck,Kip Moore,2012,https://genius.com/Kip-moore-somethin-bout-a-truck-lyrics
97,Adorn,Miguel,2012,https://genius.com/Miguel-adorn-lyrics
98,Fly Over States,Jason Aldean,2012,https://genius.com/Jason-aldean-fly-over-states-lyrics
99,Even If It Breaks Your Heart,Eli Young Band,2012,https://genius.com/Eli-young-band-even-if-it-breaks-your-heart-lyrics
100,Burn It Down,Linkin Park,2012,https://genius.com/Linkin-park-burn-it-down-lyrics
1,Thrift Shop,Macklemore & Ryan Lewis Featuring Wanz,2013,https://genius.com/Macklemore-and-ryan-lewis-thrift-shop-lyrics
2,Blurred Lines,Robin Thicke Featuring T.I. + Pharrell,2013,https://genius.com/Billboard-longest-leading-hot-100-1s-december-16-2024-annotated
3,Radioactive,Imagine Dragons,2013,https://genius.com/Imagine-dragons-radioactive-lyrics
4,Harlem Shake,Baauer,2013,https://genius.com/Baauer-harlem-shake-lyrics
5,Can't Hold Us,Macklemore & Ryan Lewis Featuring Ray Dalton,2013,https://genius.com/Macklemore-and-ryan-lewis-cant-hold-us-lyrics
6,Mirrors,Justin Timberlake,2013,https://genius.com/Justin-timberlake-mirrors-lyrics
7,Just Give Me A Reason,P!nk Featuring Nate Ruess,2013,https://genius.com/P-nk-just-give-me-a-reason-lyrics
8,When I Was Your Man,Bruno Mars,2013,https://genius.com/Bruno-mars-when-i-was-your-man-lyrics
9,Cruise,Florida Georgia Line Featuring Nelly,2013,https://genius.com/Mr-varnell-turn-up-for-hick-hop-annotated
10,Roar,Katy Perry,2013,https://genius.com/Katy-perry-roar-lyrics
11,Locked Out Of Heaven,Bruno Mars,2013,https://genius.com/Bruno-mars-locked-out-of-heaven-lyrics
12,Ho Hey,The Lumineers,2013,https://genius.com/The-lumineers-ho-hey-lyrics
13,Stay,Rihanna Featuring Mikky Ekko,2013,https://genius.com/Genius-traductions-francaises-rihanna-stay-ft-mikky-ekko-traduction-francaise-lyrics
14,Get Lucky,Daft Punk Featuring Pharrell Williams,2013,https://genius.com/Gmpresents-get-lucky-daft-punk-feat-pharrell-williams-cover-lyrics
15,Royals,Lorde,2013,https://genius.com/Lorde-royals-lyrics
16,I Knew You Were Trouble.,Taylor Swift,2013,https://genius.com/Taylor-swift-i-knew-you-were-trouble-lyrics
17,We Can't Stop,Miley Cyrus,2013,https://genius.com/Miley-cyrus-we-cant-stop-lyrics
18,Wrecking Ball,Miley Cyrus,2013,https://genius.com/Miley-cyrus-wrecking-ball-lyrics
19,Wake Me Up!,Avicii,2013,https://genius.com/Avicii-wake-me-up-lyrics
20,Suit & Tie,Justin Timberlake Featuring JAY Z,2013,https://genius.com/Justin-timberlake-suit-and-tie-lyrics
21,Cups (Pitch Perfect's When I'm Gone),Anna Kendrick,2013,https://genius.com/Anna-kendrick-cups-pitch-perfects-when-im-gone-pop-version-lyrics
22,Holy Grail,Jay Z Featuring Justin Timberlake,2013,https://genius.com/Rocawear-whats-new-lyrics
23,Scream & Shout,will.i.am & Britney Spears,2013,https://genius.com/William-scream-and-shout-lyrics
24,Clarity,Zedd Featuring Foxes,2013,https://genius.com/Zedd-clarity-zedd-union-mix-lyrics
25,Sail,AWOLNATION,2013,https://genius.com/Awolnation-sail-lyrics
26,Don't You Worry Child,Swedish House Mafia Featuring John Martin,2013,https://genius.com/Swedish-house-mafia-dont-you-worry-child-swedish-house-mafia-2023-rework-lyrics
27,Diamonds,Rihanna,2013,https://genius.com/Rihanna-diamonds-lyrics
28,I Love It,Icona Pop Featuring Charli XCX,2013,https://genius.com/Icona-pop-i-love-it-lyrics
29,Safe And Sound,Capital Cities,2013,https://genius.com/Capital-cities-safe-and-sound-lyrics
30,Treasure,Bruno Mars,2013,https://genius.com/Bruno-mars-treasure-lyrics
31,The Way,Ariana Grande Featuring Mac Miller,2013,https://genius.com/Fortnite-rift-tour-2021-lyrics
32,Started From The Bottom,Drake,2013,https://genius.com/Drake-started-from-the-bottom-lyrics
33,Come & Get It,Selena Gomez,2013,https://genius.com/Partynextdoor-and-drake-come-and-see-me-lyrics
34,"Hold On, We're Going Home",Drake Featuring Majid Jordan,2013,https://genius.com/Rolling-stone-the-500-greatest-songs-of-all-time-2021-annotated
35,Daylight,Maroon 5,2013,https://genius.com/Maroon-5-daylight-lyrics
36,Feel This Moment,Pitbull Featuring Christina Aguilera,2013,https://genius.com/Dylan-summer-feel-this-moment-lyrics
37,Applause,Lady Gaga,2013,https://genius.com/Lady-gaga-applause-lyrics
38,One More Night,Maroon 5,2013,https://genius.com/Maroon-5-one-more-night-lyrics
39,Love Me,Lil Wayne Featuring Drake & Future,2013,https://genius.com/Toxiplays-non-music-he-loved-you-inspiration-playlist-annotated
40,My Songs Know What You Did In The Dark (Light Em Up),Fall Out Boy,2013,https://genius.com/Fall-out-boy-my-songs-know-what-you-did-in-the-dark-light-em-up-lyrics
41,F**kin Problems,"A$AP Rocky Featuring Drake, 2 Chainz & Kendrick Lamar",2013,https://genius.com/A-ap-rocky-fkin-problems-verzuz-rick-ross-x-2-chainz-lyrics
42,Beauty And A Beat,Justin Bieber Featuring Nicki Minaj,2013,https://genius.com/Justin-bieber-beauty-and-a-beat-lyrics
43,Same Love,Macklemore & Ryan Lewis Featuring Mary Lambert,2013,https://genius.com/Macklemore-and-ryan-lewis-same-love-lyrics
44,Sweet Nothing,Calvin Harris Featuring Florence Welch,2013,https://genius.com/Two-friends-big-bootie-mix-volume-11-track-list-annotated
45,Summertime Sadness,Lana Del Rey vs. Cedric Gervais,2013,
46,Home,Phillip Phillips,2013,https://genius.com/Phillip-phillips-home-lyrics
47,It's Time,Imagine Dragons,2013,https://genius.com/Imagine-dragons-its-time-lyrics
48,Power Trip,J. Cole Featuring Miguel,2013,https://genius.com/Nvp-summer-playlist-2015-annotated
49,Girl On Fire,Alicia Keys Featuring Nicki Minaj,2013,https://genius.com/Hitradio-o3-nummer-eins-hits-in-osterreich-2013-annotated
50,Heart Attack,Demi Lovato,2013,https://genius.com/Demi-lovato-heart-attack-lyrics
51,Love Somebody,Maroon 5,2013,https://genius.com/Maroon-5-love-somebody-lyrics
52,I Will Wait,Mumford & Sons,2013,https://genius.com/Mumford-and-sons-i-will-wait-lyrics
53,Try,P!nk,2013,https://genius.com/P-nk-try-lyrics
54,Wagon Wheel,Darius Rucker,2013,https://genius.com/Darius-rucker-wagon-wheel-lyrics
55,Gangnam Style,PSY,2013,https://genius.com/Psy-gangnam-style-lyrics
56,I Need Your Love,Calvin Harris Featuring Ellie Goulding,2013,https://genius.com/Brit-awards-2014-winners-and-nominees-lyrics
57,Die Young,Ke$ha,2013,https://genius.com/The-midnight-beast-die-young-ke-ha-parody-lyrics
58,Some Nights,fun.,2013,https://genius.com/Fun-some-nights-lyrics
59,Bad,Wale Featuring Tiara Thomas Or Rihanna,2013,https://genius.com/Genius-october-2022-singles-release-calendar-annotated
60,Boys 'Round Here,Blake Shelton Featuring Pistol Annies & Friends,2013,https://genius.com/Blake-shelton-boys-round-here-lyrics
61,"Gone, Gone, Gone",Phillip Phillips,2013,https://genius.com/Phillip-phillips-gone-gone-gone-lyrics
62,Demons,Imagine Dragons,2013,https://genius.com/Imagine-dragons-demons-lyrics
63,Counting Stars,OneRepublic,2013,https://genius.com/Onerepublic-counting-stars-lyrics
64,I Cry,Flo Rida,2013,https://genius.com/Flo-rida-i-cry-lyrics
65,Little Talks,Of Monsters And Men,2013,https://genius.com/Of-monsters-and-men-little-talks-lyrics
66,The Other Side,Jason Derulo,2013,https://genius.com/Jason-derulo-the-other-side-lyrics
67,Berzerk,Eminem,2013,https://genius.com/Eminem-berzerk-lyrics
68,Catch My Breath,Kelly Clarkson,2013,https://genius.com/Kelly-clarkson-catch-my-breath-lyrics
69,Crash My Party,Luke Bryan,2013,https://genius.com/Luke-bryan-crash-my-party-lyrics
70,Pour It Up,Rihanna,2013,https://genius.com/Rihanna-pour-it-up-lyrics
71,22,Taylor Swift,2013,https://genius.com/Taylor-swift-22-lyrics
72,I Want Crazy,Hunter Hayes,2013,https://genius.com/Hunter-hayes-i-want-crazy-lyrics
73,The Fox,Ylvis,2013,https://genius.com/Ylvis-the-fox-what-does-the-fox-say-lyrics
74,Best Song Ever,One Direction,2013,https://genius.com/One-direction-best-song-ever-lyrics
75,The A Team,Ed Sheeran,2013,https://genius.com/Ed-sheeran-the-a-team-lyrics
76,Carry On,fun.,2013,https://genius.com/Fun-carry-on-lyrics
77,Highway Don't Care,Tim McGraw With Taylor Swift,2013,https://genius.com/Country-genius-the-100-best-country-songs-of-all-time-lyrics
78,That's My Kind Of Night,Luke Bryan,2013,https://genius.com/Luke-bryan-thats-my-kind-of-night-lyrics
79,Swimming Pools (Drank),Kendrick Lamar,2013,https://genius.com/Kendrick-lamar-swimming-pools-drank-lyrics
80,Sure Be Cool If You Did,Blake Shelton,2013,https://genius.com/Blake-shelton-sure-be-cool-if-you-did-lyrics
81,#Beautiful,Mariah Carey Featuring Miguel,2013,
82,Troublemaker,Olly Murs Featuring Flo Rida,2013,https://genius.com/Genius-traducciones-al-espanol-olly-murs-troublemaker-ft-flo-rida-traduccion-al-espanol-lyrics
83,Body Party,Ciara,2013,https://genius.com/Ciara-body-party-lyrics
84,Adorn,Miguel,2013,https://genius.com/Miguel-adorn-lyrics
85,Hall Of Fame,The Script Featuring will.i.am,2013,https://genius.com/Hitradio-o3-nummer-eins-hits-in-osterreich-2013-annotated
86,Let Me Love You (Until You Learn To Love Yourself),Ne-Yo,2013,https://genius.com/Ne-yo-let-me-love-you-until-you-learn-to-love-yourself-lyrics
87,U.O.E.N.O.,Rocko Featuring Future & Rick Ross,2013,https://genius.com/Genius-users-a-ap-rocky-discography-list-annotated
88,Next To Me,Emeli Sande,2013,https://genius.com/Emeli-sande-next-to-me-lyrics
89,Mama's Broken Heart,Miranda Lambert,2013,https://genius.com/Miranda-lambert-mamas-broken-heart-lyrics
90,It Goes Like This,Thomas Rhett,2013,https://genius.com/Thomas-rhett-it-goes-like-this-lyrics
91,Bugatti,Ace Hood Featuring Future & Rick Ross,2013,https://genius.com/Genius-brasil-traducoes-ace-hood-bugatti-ft-future-and-rick-ross-traducao-em-portugues-lyrics
92,Wanted,Hunter Hayes,2013,https://genius.com/Hunter-hayes-wanted-lyrics
93,Downtown,Lady Antebellum,2013,https://genius.com/Lady-a-downtown-lyrics
94,Get Your Shine On,Florida Georgia Line,2013,https://genius.com/Florida-georgia-line-get-your-shine-on-lyrics
95,#thatPOWER,will.i.am Featuring Justin Bieber,2013,
96,Brave,Sara Bareilles,2013,https://genius.com/Sara-bareilles-brave-lyrics
97,Let Her Go,Passenger,2013,https://genius.com/Passenger-let-her-go-lyrics
98,Runnin' Outta Moonlight,Randy Houser,2013,https://genius.com/Randy-houser-runnin-outta-moonlight-lyrics
99,I'm Different,2 Chainz,2013,https://genius.com/2-chainz-im-different-lyrics
100,Still Into You,Paramore,2013,https://genius.com/Paramore-still-into-you-lyrics
1,Happy,Pharrell Williams,2014,https://genius.com/Pharrell-williams-happy-lyrics
2,Dark Horse,Katy Perry Featuring Juicy J,2014,https://genius.com/Mtv-2014-emas-nominees-and-winners-lyrics
3,All Of Me,John Legend,2014,https://genius.com/John-legend-all-of-me-lyrics
4,Fancy,Iggy Azalea Featuring Charli XCX,2014,https://genius.com/Rap-genius-users-grammys-predictions-2015-annotated
5,Counting Stars,OneRepublic,2014,https://genius.com/Onerepublic-counting-stars-lyrics
6,Talk Dirty,Jason Derulo Featuring 2 Chainz,2014,https://genius.com/Kollektiv-turmstrasse-tristesse-lyrics
7,Rude,MAGIC!,2014,https://genius.com/Magic-rude-lyrics
8,All About That Bass,Meghan Trainor,2014,https://genius.com/Meghan-trainor-all-about-that-bass-lyrics
9,Problem,Ariana Grande Featuring Iggy Azalea,2014,https://genius.com/Mtv-2014-emas-nominees-and-winners-lyrics
10,Stay With Me,Sam Smith,2014,https://genius.com/Sam-smith-stay-with-me-lyrics
11,Timber,Pitbull Featuring Ke$ha,2014,https://genius.com/Kollektiv-turmstrasse-tristesse-lyrics
12,Pompeii,Bastille,2014,https://genius.com/Bastille-pompeii-lyrics
13,Shake It Off,Taylor Swift,2014,https://genius.com/Taylor-swift-shake-it-off-lyrics
14,Am I Wrong,Nico & Vinz,2014,https://genius.com/Nico-and-vinz-am-i-wrong-lyrics
15,Turn Down For What,DJ Snake & Lil Jon,2014,https://genius.com/Dj-snake-and-lil-jon-turn-down-for-what-lyrics
16,The Monster,Eminem Featuring Rihanna,2014,https://genius.com/Rap-genius-users-grammys-predictions-2015-annotated
17,Say Something,A Great Big World & Christina Aguilera,2014,https://genius.com/A-great-big-world-and-christina-aguilera-say-something-lyrics
18,Team,Lorde,2014,https://genius.com/Lorde-team-lyrics
19,Let Her Go,Passenger,2014,https://genius.com/Passenger-let-her-go-lyrics
20,Royals,Lorde,2014,https://genius.com/Lorde-royals-lyrics
21,Let It Go,Idina Menzel,2014,https://genius.com/Idina-menzel-let-it-go-lyrics
22,Wake Me Up!,Avicii,2014,https://genius.com/Avicii-wake-me-up-lyrics
23,Demons,Imagine Dragons,2014,https://genius.com/Imagine-dragons-demons-lyrics
24,Story Of My Life,One Direction,2014,https://genius.com/One-direction-story-of-my-life-lyrics
25,Chandelier,Sia,2014,https://genius.com/Sia-chandelier-lyrics
26,Black Widow,Iggy Azalea Featuring Rita Ora,2014,https://genius.com/Mtv-2014-emas-nominees-and-winners-lyrics
27,Bang Bang,"Jessie J, Ariana Grande & Nicki Minaj",2014,https://genius.com/Hellas-bang-bang-jessie-j-ariana-grande-e-nicki-minaj-cover-lyrics
28,Latch,Disclosure Featuring Sam Smith,2014,https://genius.com/Two-friends-big-bootie-mix-volume-15-track-list-lyrics
29,Maps,Maroon 5,2014,https://genius.com/Maroon-5-maps-lyrics
30,Loyal,Chris Brown Featuring Lil Wayne & French Montana Or Too $hort Or Tyga,2014,https://genius.com/Rap-critic-rap-critic-reviews-loyal-by-chris-brown-feat-lil-wayne-and-tyga-lyrics
31,Best Day Of My Life,American Authors,2014,https://genius.com/American-authors-best-day-of-my-life-lyrics
32,Habits (Stay High),Tove Lo,2014,https://genius.com/Tove-lo-habits-stay-high-lyrics
33,Summer,Calvin Harris,2014,https://genius.com/Calvin-harris-summer-lyrics
34,Boom Clap,Charli xcx,2014,https://genius.com/Charli-xcx-boom-clap-lyrics
35,Drunk In Love,Beyonce Featuring Jay Z,2014,https://genius.com/Kollektiv-turmstrasse-tristesse-lyrics
36,Anaconda,Nicki Minaj,2014,https://genius.com/Nicki-minaj-anaconda-lyrics
37,Break Free,Ariana Grande Featuring Zedd,2014,https://genius.com/Thehills79-my-spotify-playlist-annotated
38,Bailando,Enrique Iglesias Featuring Descemer Bueno & Gente de Zona,2014,https://genius.com/Genius-suomenkielinen-kaannos-enrique-iglesias-bailando-suomenkielinen-kaannos-lyrics
39,Burn,Ellie Goulding,2014,https://genius.com/Ellie-goulding-burn-lyrics
40,Wiggle,Jason Derulo Featuring Snoop Dogg,2014,https://genius.com/The-greatest-bits-wiggle-8-bit-tribute-to-jason-derulo-and-snoop-dogg-lyrics
41,Rather Be,Clean Bandit Featuring Jess Glynne,2014,https://genius.com/Hitradio-o3-nummer-eins-hits-in-osterreich-2014-annotated
42,Don't Tell 'Em,Jeremih Featuring YG,2014,https://genius.com/Thehills79-my-spotify-playlist-annotated
43,Show Me,Kid Ink Featuring Chris Brown,2014,https://genius.com/Nvp-summer-playlist-2015-annotated
44,Wrecking Ball,Miley Cyrus,2014,https://genius.com/Miley-cyrus-wrecking-ball-lyrics
45,Not A Bad Thing,Justin Timberlake,2014,https://genius.com/Justin-timberlake-not-a-bad-thing-lyrics
46,Roar,Katy Perry,2014,https://genius.com/Katy-perry-roar-lyrics
47,Ain't It Fun,Paramore,2014,https://genius.com/Paramore-aint-it-fun-lyrics
48,The Man,Aloe Blacc,2014,https://genius.com/Aloe-blacc-the-man-lyrics
49,This Is How We Roll,Florida Georgia Line Featuring Luke Bryan,2014,https://genius.com/Country-genius-list-of-number-one-country-songs-2010-2019-lyrics
50,Classic,MKTO,2014,https://genius.com/Mkto-classic-lyrics
51,A Sky Full Of Stars,Coldplay,2014,https://genius.com/Coldplay-a-sky-full-of-stars-lyrics
52,Don't,Ed Sheeran,2014,https://genius.com/Ed-sheeran-dont-lyrics
53,Na Na,Trey Songz,2014,https://genius.com/Trey-songz-na-na-lyrics
54,Hot Boy,Bobby Shmurda,2014,https://genius.com/Tana-and-cristale-shubz-lyrics
55,"Hold On, We're Going Home",Drake Featuring Majid Jordan,2014,https://genius.com/Rolling-stone-the-500-greatest-songs-of-all-time-2021-annotated
56,Sing,Ed Sheeran,2014,https://genius.com/Ed-sheeran-sing-lyrics
57,Radioactive,Imagine Dragons,2014,https://genius.com/Imagine-dragons-radioactive-lyrics
58,My Hitta,YG Featuring Jeezy & Rich Homie Quan,2014,https://genius.com/Bet-awards-2014-hip-hop-nominees-lyrics
59,Cool Kids,Echosmith,2014,https://genius.com/Echosmith-cool-kids-lyrics
60,Hey Brother,Avicii,2014,https://genius.com/Avicii-hey-brother-lyrics
61,Trumpets,Jason Derulo,2014,https://genius.com/Jason-derulo-trumpets-lyrics
62,Animals,Maroon 5,2014,https://genius.com/Maroon-5-animals-lyrics
63,Burnin' It Down,Jason Aldean,2014,https://genius.com/Jason-aldean-burnin-it-down-lyrics
64,Play It Again,Luke Bryan,2014,https://genius.com/Luke-bryan-play-it-again-lyrics
65,2 On,Tinashe Featuring ScHoolboy Q,2014,https://genius.com/Thehills79-my-spotify-playlist-annotated
66,Dirt,Florida Georgia Line,2014,https://genius.com/Florida-georgia-line-dirt-lyrics
67,Love Runs Out,OneRepublic,2014,https://genius.com/Onerepublic-love-runs-out-lyrics
68,Bottoms Up,Brantley Gilbert,2014,https://genius.com/Brantley-gilbert-bottoms-up-lyrics
69,Shower,Becky G,2014,https://genius.com/Becky-g-shower-lyrics
70,Me And My Broken Heart,Rixton,2014,https://genius.com/Rixton-me-and-my-broken-heart-lyrics
71,Animals,Martin Garrix,2014,https://genius.com/Martin-garrix-animals-lyrics
72,Lifestyle,Rich Gang Featuring Young Thug & Rich Homie Quan,2014,https://genius.com/Chase-b-and-travis-scott-wav-radio-ep-2-tracklist-lyrics
73,American Kids,Kenny Chesney,2014,https://genius.com/Kenny-chesney-american-kids-lyrics
74,Brave,Sara Bareilles,2014,https://genius.com/Sara-bareilles-brave-lyrics
75,Sweater Weather,The Neighbourhood,2014,https://genius.com/The-neighbourhood-sweater-weather-lyrics
76,Leave The Night On,Sam Hunt,2014,https://genius.com/Sam-hunt-leave-the-night-on-lyrics
77,New Flame,Chris Brown Featuring Usher & Rick Ross,2014,https://genius.com/Nvp-summer-playlist-2015-annotated
78,Love Never Felt So Good,Michael Jackson & Justin Timberlake,2014,https://genius.com/Michael-jackson-and-justin-timberlake-love-never-felt-so-good-lyrics
79,Drunk On A Plane,Dierks Bentley,2014,https://genius.com/Dierks-bentley-drunk-on-a-plane-lyrics
80,Birthday,Katy Perry,2014,https://genius.com/Katy-perry-birthday-lyrics
81,Bartender,Lady Antebellum,2014,https://genius.com/Lady-a-bartender-lyrics
82,La La La,Naughty Boy Featuring Sam Smith,2014,https://genius.com/Brit-awards-2014-winners-and-nominees-lyrics
83,Blurred Lines,Robin Thicke Featuring T.I. + Pharrell,2014,https://genius.com/Billboard-longest-leading-hot-100-1s-december-16-2024-annotated
84,Do What U Want,Lady Gaga Featuring R. Kelly,2014,https://genius.com/Lady-gaga-do-what-u-want-lyrics
85,Can't Remember To Forget You,Shakira Featuring Rihanna,2014,https://genius.com/Shakira-cant-remember-to-forget-you-lyrics
86,Amnesia,5 Seconds Of Summer,2014,https://genius.com/5-seconds-of-summer-amnesia-lyrics
87,No Mediocre,T.I. Featuring Iggy Azalea,2014,https://genius.com/Bbc-radio-bbc-radio-1xtra-playlist-25th-august-31st-august-2014-lyrics
88,Come With Me Now,KONGOS,2014,https://genius.com/Kongos-come-with-me-now-lyrics
89,Believe Me,Lil Wayne Featuring Drake,2014,https://genius.com/Rg-users-top-ten-best-songs-2014-per-user-lyrics
90,23,"Mike WiLL Made-It Featuring Miley Cyrus, Wiz Khalifa & Juicy J",2014,https://genius.com/Genius-azrbaycan-trcum-mike-will-made-it-23-ft-juicy-j-miley-cyrus-and-wiz-khalifa-azrbaycan-trcum-lyrics
91,Beachin',Jake Owen,2014,https://genius.com/Jake-owen-beachin-lyrics
92,White Walls,Macklemore & Ryan Lewis Featuring ScHoolboy Q & Hollis,2014,https://genius.com/Macklemore-and-ryan-lewis-white-walls-lyrics
93,She Looks So Perfect,5 Seconds Of Summer,2014,https://genius.com/5-seconds-of-summer-she-looks-so-perfect-lyrics
94,Stay The Night,Zedd Featuring Hayley Williams,2014,https://genius.com/Stay-the-night-stay-the-night-tribute-to-zedd-and-hayley-williams-lyrics
95,Partition,Beyonce,2014,https://genius.com/Beyonce-partition-lyrics
96,Studio,ScHoolboy Q Featuring BJ The Chicago Kid,2014,https://genius.com/Rap-genius-users-grammys-predictions-2015-annotated
97,0 To 100 / The Catch Up,Drake,2014,https://genius.com/Drake-0-to-100-the-catch-up-lyrics
98,I Don't Dance,Lee Brice,2014,https://genius.com/Lee-brice-i-dont-dance-lyrics
99,Somethin' Bad,Miranda Lambert Duet With Carrie Underwood,2014,https://genius.com/Country-genius-list-of-number-one-country-songs-2010-2019-lyrics
100,Adore You,Miley Cyrus,2014,https://genius.com/Miley-cyrus-adore-you-lyrics
